pathway id,pathway name
hsa00240,Pyrimidine metabolism
hsa00250,"Alanine, aspartate and glutamate metabolism"
hsa00562,Inositol phosphate metabolism
hsa00600,Sphingolipid metabolism
hsa01100,Metabolic pathways
hsa03010,Ribosome
hsa03013,RNA transport
hsa03320,PPAR signaling pathway
hsa03440,Homologous recombination
hsa03460,Fanconi anemia pathway
hsa04010,MAPK signaling pathway
hsa04012,ErbB signaling pathway
hsa04014,Ras signaling pathway
hsa04015,Rap1 signaling pathway
hsa04020,Calcium signaling pathway
hsa04022,cGMP-PKG signaling pathway
hsa04024,cAMP signaling pathway
hsa04060,Cytokine-cytokine receptor interaction
hsa04062,Chemokine signaling pathway
hsa04064,NF-kappa B signaling pathway
hsa04066,HIF-1 signaling pathway
hsa04068,FoxO signaling pathway
hsa04070,Phosphatidylinositol signaling system
hsa04080,Neuroactive ligand-receptor interaction
hsa04110,Cell cycle
hsa04114,Oocyte meiosis
hsa04115,p53 signaling pathway
hsa04120,Ubiquitin mediated proteolysis
hsa04141,Protein processing in endoplasmic reticulum
hsa04142,Lysosome
hsa04144,Endocytosis
hsa04145,Phagosome
hsa04150,mTOR signaling pathway
hsa04151,PI3K-Akt signaling pathway
hsa04152,AMPK signaling pathway
hsa04210,Apoptosis
hsa04261,Adrenergic signaling in cardiomyocytes
hsa04270,Vascular smooth muscle contraction
hsa04310,Wnt signaling pathway
hsa04340,Hedgehog signaling pathway
hsa04350,TGF-beta signaling pathway
hsa04360,Axon guidance
hsa04370,VEGF signaling pathway
hsa04380,Osteoclast differentiation
hsa04390,Hippo signaling pathway
hsa04510,Focal adhesion
hsa04512,ECM-receptor interaction
hsa04514,Cell adhesion molecules (CAMs)
hsa04520,Adherens junction
hsa04530,Tight junction
hsa04540,Gap junction
hsa04550,Signaling pathways regulating pluripotency of stem cells
hsa04611,Platelet activation
hsa04612,Antigen processing and presentation
hsa04620,Toll-like receptor signaling pathway
hsa04621,NOD-like receptor signaling pathway
hsa04622,RIG-I-like receptor signaling pathway
hsa04630,JAK-STAT signaling pathway
hsa04640,Hematopoietic cell lineage
hsa04650,Natural killer cell mediated cytotoxicity
hsa04660,T cell receptor signaling pathway
hsa04662,B cell receptor signaling pathway
hsa04664,Fc epsilon RI signaling pathway
hsa04666,Fc gamma R-mediated phagocytosis
hsa04668,TNF signaling pathway
hsa04670,Leukocyte transendothelial migration
hsa04672,Intestinal immune network for IgA production
hsa04710,Circadian rhythm
hsa04713,Circadian entrainment
hsa04720,Long-term potentiation
hsa04722,Neurotrophin signaling pathway
hsa04723,Retrograde endocannabinoid signaling
hsa04724,Glutamatergic synapse
hsa04725,Cholinergic synapse
hsa04726,Serotonergic synapse
hsa04727,GABAergic synapse
hsa04728,Dopaminergic synapse
hsa04730,Long-term depression
hsa04740,Olfactory transduction
hsa04742,Taste transduction
hsa04750,Inflammatory mediator regulation of TRP channels
hsa04810,Regulation of actin cytoskeleton
hsa04910,Insulin signaling pathway
hsa04911,Insulin secretion
hsa04912,GnRH signaling pathway
hsa04913,Ovarian steroidogenesis
hsa04914,Progesterone-mediated oocyte maturation
hsa04915,Estrogen signaling pathway
hsa04916,Melanogenesis
hsa04917,Prolactin signaling pathway
hsa04918,Thyroid hormone synthesis
hsa04919,Thyroid hormone signaling pathway
hsa04920,Adipocytokine signaling pathway
hsa04921,Oxytocin signaling pathway
hsa04930,Type II diabetes mellitus
hsa04932,Non-alcoholic fatty liver disease (NAFLD)
hsa04960,Aldosterone-regulated sodium reabsorption
hsa04961,Endocrine and other factor-regulated calcium reabsorption
hsa04962,Vasopressin-regulated water reabsorption
hsa04970,Salivary secretion
hsa04971,Gastric acid secretion
hsa04973,Carbohydrate digestion and absorption
hsa04975,Fat digestion and absorption
hsa04976,Bile secretion
hsa05010,Alzheimer's disease
hsa05012,Parkinson's disease
hsa05014,Amyotrophic lateral sclerosis (ALS)
hsa05016,Huntington's disease
hsa05020,Prion diseases
hsa05030,Cocaine addiction
hsa05031,Amphetamine addiction
hsa05032,Morphine addiction
hsa05034,Alcoholism
hsa05100,Bacterial invasion of epithelial cells
hsa05110,Vibrio cholerae infection
hsa05120,Epithelial cell signaling in Helicobacter pylori infection
hsa05130,Pathogenic Escherichia coli infection
hsa05131,Shigellosis
hsa05132,Salmonella infection
hsa05133,Pertussis
hsa05134,Legionellosis
hsa05140,Leishmaniasis
hsa05142,Chagas disease (American trypanosomiasis)
hsa05144,Malaria
hsa05145,Toxoplasmosis
hsa05146,Amoebiasis
hsa05152,Tuberculosis
hsa05160,Hepatitis C
hsa05161,Hepatitis B
hsa05162,Measles
hsa05164,Influenza A
hsa05166,HTLV-I infection
hsa05168,Herpes simplex infection
hsa05169,Epstein-Barr virus infection
hsa05200,Pathways in cancer
hsa05202,Transcriptional misregulation in cancer
hsa05203,Viral carcinogenesis
hsa05205,Proteoglycans in cancer
hsa05206,MicroRNAs in cancer
hsa05210,Colorectal cancer
hsa05211,Renal cell carcinoma
hsa05212,Pancreatic cancer
hsa05213,Endometrial cancer
hsa05214,Glioma
hsa05215,Prostate cancer
hsa05216,Thyroid cancer
hsa05217,Basal cell carcinoma
hsa05218,Melanoma
hsa05219,Bladder cancer
hsa05220,Chronic myeloid leukemia
hsa05221,Acute myeloid leukemia
hsa05222,Small cell lung cancer
hsa05223,Non-small cell lung cancer
hsa05230,Central carbon metabolism in cancer
hsa05231,Choline metabolism in cancer
hsa05321,Inflammatory bowel disease (IBD)
hsa05323,Rheumatoid arthritis
hsa05340,Primary immunodeficiency
hsa05410,Hypertrophic cardiomyopathy (HCM)
hsa05412,Arrhythmogenic right ventricular cardiomyopathy (ARVC)
hsa05414,Dilated cardiomyopathy
hsa05416,Viral myocarditis
